kernelName,gridDim_x,gridDim_y,gridDim_z,blockDim_x,blockDim_y,blockDim_z,instruction,occurrences,total_instructions,total_power_consumption_joules
add.f32,152,1,1,1024,1,1,add.f32,3668017577984,29344143581184,720.4899668050001
add.f32,152,1,1,1024,1,1,add.s32,3668017733632,29344143581184,720.4899668050001
add.f32,152,1,1,1024,1,1,add.s64,155648,29344143581184,720.4899668050001
add.f32,152,1,1,1024,1,1,bra,155648,29344143581184,720.4899668050001
add.f32,152,1,1,1024,1,1,bra.uni,11004052889600,29344143581184,720.4899668050001
add.f32,152,1,1,1024,1,1,cvt.rn.f32.s32,155648,29344143581184,720.4899668050001
add.f32,152,1,1,1024,1,1,cvt.s64.s32,155648,29344143581184,720.4899668050001
add.f32,152,1,1,1024,1,1,ld.param.u64,155648,29344143581184,720.4899668050001
add.f32,152,1,1,1024,1,1,mov.b32,155648,29344143581184,720.4899668050001
add.f32,152,1,1,1024,1,1,mov.f32,7336035778560,29344143581184,720.4899668050001
add.f32,152,1,1,1024,1,1,mov.u32,3668018511872,29344143581184,720.4899668050001
add.f32,152,1,1,1024,1,1,mul.lo.s32,155648,29344143581184,720.4899668050001
add.f32,152,1,1,1024,1,1,not.pred,155648,29344143581184,720.4899668050001
add.f32,152,1,1,1024,1,1,ret,155648,29344143581184,720.4899668050001
add.f32,152,1,1,1024,1,1,setp.lt.s32,155648,29344143581184,720.4899668050001
add.f32,152,1,1,1024,1,1,shl.b64,155648,29344143581184,720.4899668050001
add.f32,152,1,1,1024,1,1,st.f32,155648,29344143581184,720.4899668050001
add.s32,152,1,1,1024,1,1,add.s32,7337054494720,29348220313600,693.1624326075
add.s32,152,1,1,1024,1,1,add.s64,155648,29348220313600,693.1624326075
add.s32,152,1,1,1024,1,1,bra,155648,29348220313600,693.1624326075
add.s32,152,1,1,1024,1,1,bra.uni,11005581664256,29348220313600,693.1624326075
add.s32,152,1,1,1024,1,1,cvt.s64.s32,155648,29348220313600,693.1624326075
add.s32,152,1,1,1024,1,1,ld.param.u64,155648,29348220313600,693.1624326075
add.s32,152,1,1,1024,1,1,mov.b32,466944,29348220313600,693.1624326075
add.s32,152,1,1,1024,1,1,mov.u32,11005582909440,29348220313600,693.1624326075
add.s32,152,1,1,1024,1,1,mul.lo.s32,155648,29348220313600,693.1624326075
add.s32,152,1,1,1024,1,1,not.pred,155648,29348220313600,693.1624326075
add.s32,152,1,1,1024,1,1,ret,155648,29348220313600,693.1624326075
add.s32,152,1,1,1024,1,1,setp.lt.s32,155648,29348220313600,693.1624326075
add.s32,152,1,1,1024,1,1,shl.b64,155648,29348220313600,693.1624326075
add.s32,152,1,1,1024,1,1,st.u32,155648,29348220313600,693.1624326075
add.s64,152,1,1,1024,1,1,add.s32,2030945845248,16247568474112,682.1894606769999
add.s64,152,1,1,1024,1,1,add.s64,2030945845248,16247568474112,682.1894606769999
add.s64,152,1,1,1024,1,1,bra,155648,16247568474112,682.1894606769999
add.s64,152,1,1,1024,1,1,bra.uni,6092837224448,16247568474112,682.1894606769999
add.s64,152,1,1,1024,1,1,cvt.s64.s32,311296,16247568474112,682.1894606769999
add.s64,152,1,1,1024,1,1,ld.param.u64,155648,16247568474112,682.1894606769999
add.s64,152,1,1,1024,1,1,mov.b32,155648,16247568474112,682.1894606769999
add.s64,152,1,1,1024,1,1,mov.b64,155648,16247568474112,682.1894606769999
add.s64,152,1,1,1024,1,1,mov.u32,2030946623488,16247568474112,682.1894606769999
add.s64,152,1,1,1024,1,1,mov.u64,4061891846144,16247568474112,682.1894606769999
add.s64,152,1,1,1024,1,1,mul.lo.s32,155648,16247568474112,682.1894606769999
add.s64,152,1,1,1024,1,1,not.pred,155648,16247568474112,682.1894606769999
add.s64,152,1,1,1024,1,1,ret,155648,16247568474112,682.1894606769999
add.s64,152,1,1,1024,1,1,setp.lt.s32,155648,16247568474112,682.1894606769999
add.s64,152,1,1,1024,1,1,shl.b64,155648,16247568474112,682.1894606769999
add.s64,152,1,1,1024,1,1,st.u64,155648,16247568474112,682.1894606769999
mul.lo.s32,152,1,1,1024,1,1,add.s32,3683775381504,29470204764160,812.3440694024999
mul.lo.s32,152,1,1,1024,1,1,add.s64,155648,29470204764160,812.3440694024999
mul.lo.s32,152,1,1,1024,1,1,bra,155648,29470204764160,812.3440694024999
mul.lo.s32,152,1,1,1024,1,1,bra.uni,11051325833216,29470204764160,812.3440694024999
mul.lo.s32,152,1,1,1024,1,1,cvt.s64.s32,155648,29470204764160,812.3440694024999
mul.lo.s32,152,1,1,1024,1,1,ld.param.u64,155648,29470204764160,812.3440694024999
mul.lo.s32,152,1,1,1024,1,1,mov.b32,311296,29470204764160,812.3440694024999
mul.lo.s32,152,1,1,1024,1,1,mov.u32,11051327078400,29470204764160,812.3440694024999
mul.lo.s32,152,1,1,1024,1,1,mul.lo.s32,3683775381504,29470204764160,812.3440694024999
mul.lo.s32,152,1,1,1024,1,1,not.pred,155648,29470204764160,812.3440694024999
mul.lo.s32,152,1,1,1024,1,1,or.b32,155648,29470204764160,812.3440694024999
mul.lo.s32,152,1,1,1024,1,1,ret,155648,29470204764160,812.3440694024999
mul.lo.s32,152,1,1,1024,1,1,setp.lt.s32,155648,29470204764160,812.3440694024999
mul.lo.s32,152,1,1,1024,1,1,shl.b64,155648,29470204764160,812.3440694024999
mul.lo.s32,152,1,1,1024,1,1,st.u32,155648,29470204764160,812.3440694024999
mov.b32,152,1,1,1024,1,1,add.s32,3471418122240,27771346378752,649.2902595670001
mov.b32,152,1,1,1024,1,1,add.s64,155648,27771346378752,649.2902595670001
mov.b32,152,1,1,1024,1,1,bra,155648,27771346378752,649.2902595670001
mov.b32,152,1,1,1024,1,1,bra.uni,10414254055424,27771346378752,649.2902595670001
mov.b32,152,1,1,1024,1,1,cvt.s64.s32,155648,27771346378752,649.2902595670001
mov.b32,152,1,1,1024,1,1,ld.param.u64,155648,27771346378752,649.2902595670001
mov.b32,152,1,1,1024,1,1,mov.b32,3471418277888,27771346378752,649.2902595670001
mov.b32,152,1,1,1024,1,1,mov.u32,10414255144960,27771346378752,649.2902595670001
mov.b32,152,1,1,1024,1,1,mul.lo.s32,155648,27771346378752,649.2902595670001
mov.b32,152,1,1,1024,1,1,not.pred,155648,27771346378752,649.2902595670001
mov.b32,152,1,1,1024,1,1,ret,155648,27771346378752,649.2902595670001
mov.b32,152,1,1,1024,1,1,setp.lt.s32,155648,27771346378752,649.2902595670001
mov.b32,152,1,1,1024,1,1,shl.b64,155648,27771346378752,649.2902595670001
mov.b32,152,1,1,1024,1,1,st.u32,155648,27771346378752,649.2902595670001
mov.u32,152,1,1,1024,1,1,add.s32,3670488489984,29363909320704,698.8471632005001
mov.u32,152,1,1,1024,1,1,add.s64,155648,29363909320704,698.8471632005001
mov.u32,152,1,1,1024,1,1,bra,155648,29363909320704,698.8471632005001
mov.u32,152,1,1,1024,1,1,bra.uni,11011465158656,29363909320704,698.8471632005001
mov.u32,152,1,1,1024,1,1,cvt.s64.s32,155648,29363909320704,698.8471632005001
mov.u32,152,1,1,1024,1,1,ld.param.u64,155648,29363909320704,698.8471632005001
mov.u32,152,1,1,1024,1,1,mov.b32,311296,29363909320704,698.8471632005001
mov.u32,152,1,1,1024,1,1,mov.u32,14681954582528,29363909320704,698.8471632005001
mov.u32,152,1,1,1024,1,1,mul.lo.s32,155648,29363909320704,698.8471632005001
mov.u32,152,1,1,1024,1,1,not.pred,155648,29363909320704,698.8471632005001
mov.u32,152,1,1,1024,1,1,ret,155648,29363909320704,698.8471632005001
mov.u32,152,1,1,1024,1,1,setp.lt.s32,155648,29363909320704,698.8471632005001
mov.u32,152,1,1,1024,1,1,shl.b64,155648,29363909320704,698.8471632005001
mov.u32,152,1,1,1024,1,1,st.u32,155648,29363909320704,698.8471632005001
cvt.s64.s32,152,1,1,1024,1,1,add.s32,1446153273344,15907687563264,681.6700996075001
cvt.s64.s32,152,1,1,1024,1,1,add.s64,155648,15907687563264,681.6700996075001
cvt.s64.s32,152,1,1,1024,1,1,bra,155648,15907687563264,681.6700996075001
cvt.s64.s32,152,1,1,1024,1,1,bra.uni,4338459508736,15907687563264,681.6700996075001
cvt.s64.s32,152,1,1,1024,1,1,cvt.s32.s64,1446153117696,15907687563264,681.6700996075001
cvt.s64.s32,152,1,1,1024,1,1,cvt.s64.s32,1446153273344,15907687563264,681.6700996075001
cvt.s64.s32,152,1,1,1024,1,1,ld.param.u64,155648,15907687563264,681.6700996075001
cvt.s64.s32,152,1,1,1024,1,1,mov.b32,311296,15907687563264,681.6700996075001
cvt.s64.s32,152,1,1,1024,1,1,mov.b64,155648,15907687563264,681.6700996075001
cvt.s64.s32,152,1,1,1024,1,1,mov.u32,4338460598272,15907687563264,681.6700996075001
cvt.s64.s32,152,1,1,1024,1,1,mov.u64,2892306702336,15907687563264,681.6700996075001
cvt.s64.s32,152,1,1,1024,1,1,mul.lo.s32,155648,15907687563264,681.6700996075001
cvt.s64.s32,152,1,1,1024,1,1,not.pred,155648,15907687563264,681.6700996075001
cvt.s64.s32,152,1,1,1024,1,1,ret,155648,15907687563264,681.6700996075001
cvt.s64.s32,152,1,1,1024,1,1,setp.lt.s32,155648,15907687563264,681.6700996075001
cvt.s64.s32,152,1,1,1024,1,1,shl.b64,155648,15907687563264,681.6700996075001
cvt.s64.s32,152,1,1,1024,1,1,st.u64,155648,15907687563264,681.6700996075001
shl.b64,152,1,1,1024,1,1,add.s32,2030978064384,16247826382848,619.5750671465
shl.b64,152,1,1,1024,1,1,add.s64,155648,16247826382848,619.5750671465
shl.b64,152,1,1,1024,1,1,bra,155648,16247826382848,619.5750671465
shl.b64,152,1,1,1024,1,1,bra.uni,6092933881856,16247826382848,619.5750671465
shl.b64,152,1,1,1024,1,1,cvt.s64.s32,311296,16247826382848,619.5750671465
shl.b64,152,1,1,1024,1,1,ld.param.u64,155648,16247826382848,619.5750671465
shl.b64,152,1,1,1024,1,1,mov.b32,311296,16247826382848,619.5750671465
shl.b64,152,1,1,1024,1,1,mov.u32,2030978998272,16247826382848,619.5750671465
shl.b64,152,1,1,1024,1,1,mov.u64,4061956128768,16247826382848,619.5750671465
shl.b64,152,1,1,1024,1,1,mul.lo.s32,155648,16247826382848,619.5750671465
shl.b64,152,1,1,1024,1,1,not.pred,155648,16247826382848,619.5750671465
shl.b64,152,1,1,1024,1,1,or.b32,155648,16247826382848,619.5750671465
shl.b64,152,1,1,1024,1,1,ret,155648,16247826382848,619.5750671465
shl.b64,152,1,1,1024,1,1,setp.lt.s32,155648,16247826382848,619.5750671465
shl.b64,152,1,1,1024,1,1,shl.b64,2030978064384,16247826382848,619.5750671465
shl.b64,152,1,1,1024,1,1,st.u64,155648,16247826382848,619.5750671465
ld.f32,152,1,1,1024,1,1,add.s32,2690896633856,18836278771712,752.9898408534999
ld.f32,152,1,1,1024,1,1,add.s64,311296,18836278771712,752.9898408534999
ld.f32,152,1,1,1024,1,1,bra,155648,18836278771712,752.9898408534999
ld.f32,152,1,1,1024,1,1,bra.uni,8072689590272,18836278771712,752.9898408534999
ld.f32,152,1,1,1024,1,1,cvt.s64.s32,311296,18836278771712,752.9898408534999
ld.f32,152,1,1,1024,1,1,ld.f32,2690896478208,18836278771712,752.9898408534999
ld.f32,152,1,1,1024,1,1,ld.param.u64,311296,18836278771712,752.9898408534999
ld.f32,152,1,1,1024,1,1,mov.b32,155648,18836278771712,752.9898408534999
ld.f32,152,1,1,1024,1,1,mov.f32,2690897100800,18836278771712,752.9898408534999
ld.f32,152,1,1,1024,1,1,mov.u32,2690897412096,18836278771712,752.9898408534999
ld.f32,152,1,1,1024,1,1,mul.lo.s32,155648,18836278771712,752.9898408534999
ld.f32,152,1,1,1024,1,1,not.pred,155648,18836278771712,752.9898408534999
ld.f32,152,1,1,1024,1,1,ret,155648,18836278771712,752.9898408534999
ld.f32,152,1,1,1024,1,1,setp.lt.s32,155648,18836278771712,752.9898408534999
ld.f32,152,1,1,1024,1,1,shl.b64,311296,18836278771712,752.9898408534999
ld.f32,152,1,1,1024,1,1,st.f32,155648,18836278771712,752.9898408534999
st.f32,152,1,1,1024,1,1,add.s32,2628607549440,15771647475712,855.543134941
st.f32,152,1,1,1024,1,1,add.s64,155648,15771647475712,855.543134941
st.f32,152,1,1,1024,1,1,bra,155648,15771647475712,855.543134941
st.f32,152,1,1,1024,1,1,bra.uni,7885822337024,15771647475712,855.543134941
st.f32,152,1,1,1024,1,1,cvt.rn.f32.s32,155648,15771647475712,855.543134941
st.f32,152,1,1,1024,1,1,cvt.s64.s32,155648,15771647475712,855.543134941
st.f32,152,1,1,1024,1,1,ld.param.u64,311296,15771647475712,855.543134941
st.f32,152,1,1,1024,1,1,mov.b32,155648,15771647475712,855.543134941
st.f32,152,1,1,1024,1,1,mov.b64,155648,15771647475712,855.543134941
st.f32,152,1,1,1024,1,1,mov.u32,2628608327680,15771647475712,855.543134941
st.f32,152,1,1,1024,1,1,mul.lo.s32,155648,15771647475712,855.543134941
st.f32,152,1,1,1024,1,1,not.pred,155648,15771647475712,855.543134941
st.f32,152,1,1,1024,1,1,ret,155648,15771647475712,855.543134941
st.f32,152,1,1,1024,1,1,setp.lt.s32,155648,15771647475712,855.543134941
st.f32,152,1,1,1024,1,1,shl.b64,155648,15771647475712,855.543134941
st.f32,152,1,1,1024,1,1,st.f32,2628607393792,15771647475712,855.543134941
mul.f32,152,1,1,1024,1,1,add.s32,3471682101248,27773457432576,680.4417278274998
mul.f32,152,1,1,1024,1,1,add.s64,155648,27773457432576,680.4417278274998
mul.f32,152,1,1,1024,1,1,bra,155648,27773457432576,680.4417278274998
mul.f32,152,1,1,1024,1,1,bra.uni,10415045525504,27773457432576,680.4417278274998
mul.f32,152,1,1,1024,1,1,cvt.rn.f32.s32,155648,27773457432576,680.4417278274998
mul.f32,152,1,1,1024,1,1,cvt.s64.s32,155648,27773457432576,680.4417278274998
mul.f32,152,1,1,1024,1,1,ld.param.u64,155648,27773457432576,680.4417278274998
mul.f32,152,1,1,1024,1,1,mov.b32,155648,27773457432576,680.4417278274998
mul.f32,152,1,1,1024,1,1,mov.f32,6943364202496,27773457432576,680.4417278274998
mul.f32,152,1,1,1024,1,1,mov.u32,3471682723840,27773457432576,680.4417278274998
mul.f32,152,1,1,1024,1,1,mul.f32,3471681789952,27773457432576,680.4417278274998
mul.f32,152,1,1,1024,1,1,mul.lo.s32,155648,27773457432576,680.4417278274998
mul.f32,152,1,1,1024,1,1,not.pred,155648,27773457432576,680.4417278274998
mul.f32,152,1,1,1024,1,1,ret,155648,27773457432576,680.4417278274998
mul.f32,152,1,1,1024,1,1,setp.lt.s32,155648,27773457432576,680.4417278274998
mul.f32,152,1,1,1024,1,1,shl.b64,155648,27773457432576,680.4417278274998
mul.f32,152,1,1,1024,1,1,st.f32,155648,27773457432576,680.4417278274998
mov.f32,152,1,1,1024,1,1,add.s32,3471517581312,27772142051328,673.785502371
mov.f32,152,1,1,1024,1,1,add.s64,155648,27772142051328,673.785502371
mov.f32,152,1,1,1024,1,1,bra,155648,27772142051328,673.785502371
mov.f32,152,1,1,1024,1,1,bra.uni,10414552432640,27772142051328,673.785502371
mov.f32,152,1,1,1024,1,1,cvt.rn.f32.s32,155648,27772142051328,673.785502371
mov.f32,152,1,1,1024,1,1,cvt.s64.s32,155648,27772142051328,673.785502371
mov.f32,152,1,1,1024,1,1,ld.param.u64,155648,27772142051328,673.785502371
mov.f32,152,1,1,1024,1,1,mov.b32,155648,27772142051328,673.785502371
mov.f32,152,1,1,1024,1,1,mov.f32,10414552588288,27772142051328,673.785502371
mov.f32,152,1,1,1024,1,1,mov.u32,3471518359552,27772142051328,673.785502371
mov.f32,152,1,1,1024,1,1,mul.lo.s32,155648,27772142051328,673.785502371
mov.f32,152,1,1,1024,1,1,not.pred,155648,27772142051328,673.785502371
mov.f32,152,1,1,1024,1,1,ret,155648,27772142051328,673.785502371
mov.f32,152,1,1,1024,1,1,setp.lt.s32,155648,27772142051328,673.785502371
mov.f32,152,1,1,1024,1,1,shl.b64,155648,27772142051328,673.785502371
mov.f32,152,1,1,1024,1,1,st.f32,155648,27772142051328,673.785502371
bra,152,1,1,1024,1,1,add.s32,9974257860608,33247528329216,689.9913128445
bra,152,1,1,1024,1,1,add.s64,155648,33247528329216,689.9913128445
bra,152,1,1,1024,1,1,bra,3324752723968,33247528329216,689.9913128445
bra,152,1,1,1024,1,1,bra.uni,9974257860608,33247528329216,689.9913128445
bra,152,1,1,1024,1,1,cvt.s64.s32,155648,33247528329216,689.9913128445
bra,152,1,1,1024,1,1,ld.param.u64,155648,33247528329216,689.9913128445
bra,152,1,1,1024,1,1,mov.b32,311296,33247528329216,689.9913128445
bra,152,1,1,1024,1,1,mov.u32,9974258950144,33247528329216,689.9913128445
bra,152,1,1,1024,1,1,mul.lo.s32,155648,33247528329216,689.9913128445
bra,152,1,1,1024,1,1,not.pred,155648,33247528329216,689.9913128445
bra,152,1,1,1024,1,1,ret,155648,33247528329216,689.9913128445
bra,152,1,1,1024,1,1,setp.lt.s32,155648,33247528329216,689.9913128445
bra,152,1,1,1024,1,1,shl.b64,155648,33247528329216,689.9913128445
bra,152,1,1,1024,1,1,st.u32,155648,33247528329216,689.9913128445
bra.uni,152,1,1,1024,1,1,add.s32,9985453309952,33284846493696,695.8971930764999
bra.uni,152,1,1,1024,1,1,add.s64,155648,33284846493696,695.8971930764999
bra.uni,152,1,1,1024,1,1,bra,155648,33284846493696,695.8971930764999
bra.uni,152,1,1,1024,1,1,bra.uni,13313937694720,33284846493696,695.8971930764999
bra.uni,152,1,1,1024,1,1,cvt.s64.s32,155648,33284846493696,695.8971930764999
bra.uni,152,1,1,1024,1,1,ld.param.u64,155648,33284846493696,695.8971930764999
bra.uni,152,1,1,1024,1,1,mov.b32,311296,33284846493696,695.8971930764999
bra.uni,152,1,1,1024,1,1,mov.u32,9985454399488,33284846493696,695.8971930764999
bra.uni,152,1,1,1024,1,1,mul.lo.s32,155648,33284846493696,695.8971930764999
bra.uni,152,1,1,1024,1,1,not.pred,155648,33284846493696,695.8971930764999
bra.uni,152,1,1,1024,1,1,ret,155648,33284846493696,695.8971930764999
bra.uni,152,1,1,1024,1,1,setp.lt.s32,155648,33284846493696,695.8971930764999
bra.uni,152,1,1,1024,1,1,shl.b64,155648,33284846493696,695.8971930764999
bra.uni,152,1,1,1024,1,1,st.u32,155648,33284846493696,695.8971930764999
matrix_mul,2,8,1,32,32,1,add.f32,1048576000000,21741568229376,2080.0948776869996
matrix_mul,2,8,1,32,32,1,add.s32,3211264000000,21741568229376,2080.0948776869996
matrix_mul,2,8,1,32,32,1,add.s64,2113536000000,21741568229376,2080.0948776869996
matrix_mul,2,8,1,32,32,1,bra,49152016384,21741568229376,2080.0948776869996
matrix_mul,2,8,1,32,32,1,bra.uni,3276800016384,21741568229376,2080.0948776869996
matrix_mul,2,8,1,32,32,1,cvt.s64.s32,2113536000000,21741568229376,2080.0948776869996
matrix_mul,2,8,1,32,32,1,ld.f32,2097152000000,21741568229376,2080.0948776869996
matrix_mul,2,8,1,32,32,1,ld.param.u32,49152,21741568229376,2080.0948776869996
matrix_mul,2,8,1,32,32,1,ld.param.u64,49152,21741568229376,2080.0948776869996
matrix_mul,2,8,1,32,32,1,mov.b32,16384016384,21741568229376,2080.0948776869996
matrix_mul,2,8,1,32,32,1,mov.f32,1114112000000,21741568229376,2080.0948776869996
matrix_mul,2,8,1,32,32,1,mov.pred,65536000000,21741568229376,2080.0948776869996
matrix_mul,2,8,1,32,32,1,mov.u32,1212416049152,21741568229376,2080.0948776869996
matrix_mul,2,8,1,32,32,1,mul.f32,1048576000000,21741568229376,2080.0948776869996
matrix_mul,2,8,1,32,32,1,mul.lo.s32,2146304000000,21741568229376,2080.0948776869996
matrix_mul,2,8,1,32,32,1,not.pred,49152016384,21741568229376,2080.0948776869996
matrix_mul,2,8,1,32,32,1,ret,16384,21741568229376,2080.0948776869996
matrix_mul,2,8,1,32,32,1,setp.lt.s32,49152016384,21741568229376,2080.0948776869996
matrix_mul,2,8,1,32,32,1,shl.b64,2113536000000,21741568229376,2080.0948776869996
matrix_mul,2,8,1,32,32,1,st.f32,16384000000,21741568229376,2080.0948776869996