kernelName,powerConsumptionJoules,predictedPowerConsumptionJoules
npb_cg_kernel_two,7051.6349871405,898.7184830020794
ub_1_2d_store,1335.0644477075,348.51334447965763
npb_cg_kernel_nine,7568.542744397,1078.6146369837375
npb_ft_evolve_kernel,4760.9801463250005,8166.401828504281
npb_sp_error_norm_gpu_kernel_2,831.789490517,1.6403344841312688
npb_is_full_verify_kernel_3,1401.22776795,3976.774502323642
npb_bt_compute_rhs_7,7287.8013946305,1663.1949556412903
npb_cg_kernel_ten_1,6954.940892709499,936.8839538583974
npb_is_full_verify_kernel_1,1254.6922481015,2213.99799551495
sb_fp64_pure,847.2393338134998,76.85623830215782
npb_sp_initialize_gpu_kernel,1012.8511307915,67.7513066755649
npb_sp_rhs_norm_gpu_kernel_1,874.880433734,94.8437566831036
npb_ft_cffts3_kernel_3,3292.9951914325,5089.056327838816
npb_mg_zero3_gpu_kernel,1728.2898803300004,3287.5125553127773
npb_is_full_verify_kernel_2,1045.066232439,84.82739465451677
npb_is_rank_kernel_5,794.2829702910001,2.6381193466539323
ub_2_2d_store_single,1331.1363295734998,348.51334447965763
npb_lu_erhs_4,898.9322314150002,46.53009096622706
npb_lu_setiv_gpu_kernel,941.4080710595001,34.28307558643841
sgemm_2_kernel_global_mem_coalesce,1732.5639502615,15.143891230228586
npb_sp_add_gpu_kernel,908.2006988815001,160.55409933743536
npb_bt_compute_rhs_8,1034.4176677755,1954.9177185120143
npb_bt_y_solve_3,804.4117795690001,66.18555617652281
npb_sp_exact_rhs_gpu_kernel_1,844.028201585,122.63819393390061
npb_sp_compute_rhs_gpu_kernel_1,861.3686037200001,125.12807722903133
npb_bt_y_solve_1,1529.469124056,1807.7923926121869
npb_bt_compute_rhs_1,1718.8376912465,498.6376506224281
npb_mg_resid_gpu_kernel,1416.6864136859997,2550.1423215842415
sb_gmem_strided,5109.904551297,3677.68241536724
npb_ft_compute_indexmap_kernel,8233.9853488155,13894.815894331628
sb_divergence_50pct,852.5708418775,61.62081742217362
sgemm_8_kernel_bank_extra_col,1196.0771637425,0.5612151462707153
npb_lu_erhs_2,989.8562381724998,48.03633113839131
ub_7_scalar_store_arith,1625.298539453,1440.8554666849816
npb_is_create_seq_kernel,901.0008891615,2.702512249961298
npb_is_rank_kernel_7,868.7832968880001,0.2571003983975626
sgemm_11_kernel_double_buffering,1107.0955818795,0.19627123215475836
npb_lu_rhs_4,944.1214249675,46.97977452880193
npb_mg_comm3_kernel_1,997.0179828799999,102.38879082891874
npb_ft_cffts3_kernel_2,1299.601479386,7.274597192160108
ub_3_1d_store_empty_loop,1673.3057038069999,2175.3476115255203
ub_10_col_read_arith,1675.496491176,1361.8327468833638
npb_ft_init_ui_kernel,4256.0483208565,3697.6084026102267
npb_lu_jacu_buts_gpu_kernel,855.512068182,3.6634575347515925
npb_mg_psinv_gpu_kernel,1420.3878694535001,2616.4209894932847
npb_bt_compute_rhs_5,3522.8378290305,831.5974805791899
npb_sp_rhs_norm_gpu_kernel_2,858.0301090809999,0.7899539396694557
vector_add_n128,1684.1317138494999,4156.223118233559
ub_6_single_thread_store,1105.364233666,2703.774471034365
npb_bt_z_solve_1,1540.786011405,1807.792393898548
sgemm_1_naive,1630.9737038160004,3664.1535141405784
ub_8_col_read_reduce,1118.1761542225001,3954.8791144497504
npb_ft_cffts3_kernel_1,3266.9621578725,5089.056327838816
npb_ft_cffts1_kernel_3,2396.4385046995003,3300.291795430633
npb_mg_comm3_kernel_2,994.4655123749999,283.5816141228618
npb_bt_add,1106.7241316645,854.5349517615639
npb_ft_cffts1_kernel_2,44050.04885056699,305.40643917014603
vector_add_n64,1666.5879846325001,4156.223103210328
npb_sp_txinvr_gpu_kernel,945.004532264,166.29685151313697
npb_lu_ssor_1,932.1473207474999,306.69444186546434
npb_bt_compute_rhs_3,1374.235192082,332.6389955419293
npb_cg_kernel_eleven,1254.6983974735,210.69558859577972
npb_bt_compute_rhs_4,1243.2068101579998,977.4588709031568
npb_lu_rhs_3,974.1566925465002,47.022232223938154
npb_lu_pintgr_2,1072.2769639125,2190.56010947347
sgemm_10_kernel_warptiling,1044.630782149,0.24420479465507344
npb_lu_setbv_2,835.4464348055001,9.832255045337728
sb_smem_pressure,874.5787929104999,62.35816554792494
npb_sp_exact_rhs_gpu_kernel_3,931.1502644035,86.0723007469895
npb_bt_z_solve_2,814.1620560200001,361.2341738268787
npb_lu_norm_gpu_kernel,805.1936945934999,0.5447525791255498
flip_flop_mha,1038.5018894334999,192.39901890984342
npb_sp_error_norm_gpu_kernel_1,904.607262815,59.9388353134741
npb_ep_kernel,743.2890799135001,22.306955338962656
npb_bt_x_solve_3,791.7261397430002,66.18555617652281
ub_4_2d_store_arith,1658.0975567254998,1361.8215691403027
npb_ft_checksum_kernel,2967.1233584485,235.7829865434626
npb_is_rank_kernel_3,1060.0775541325,62.52803006309303
npb_cg_kernel_eight,13251.081809278501,33935.788527965975
npb_sp_x_solve_gpu_kernel,879.34097914,3.0869786792488627
npb_mg_comm3_kernel_3,994.7285725865,301.3054647358656
ub_5_diagonal_store,1357.1325985725,348.513473842051
npb_cg_kernel_five_2,766.1304509200002,128.2256110549029
npb_cg_kernel_one,1322.5540247704998,247.79570698608677
npb_bt_z_solve_3,712.3936664364999,12.208017266165028
npb_cg_kernel_ten_2,7281.715645302,936.8839540996171
npb_mg_rprj3_gpu_kernel,1018.4190535114999,555.3714219847706
sb_gmem_coalesced,2460.3183075529996,4203.0651166210455
npb_bt_compute_rhs_2,2978.8227428255004,1386.6261453161637
npb_is_rank_kernel_6,905.8260219804997,48.848074378904926
npb_sp_exact_rhs_gpu_kernel_4,908.2415732479999,81.27144582142104
npb_ft_cffts2_kernel_2,1307.222566508,9.162195314656321
sgemm_5_kernel_2D_blocktiling,1166.3672762390001,0.5023747842402211
npb_lu_l2norm_gpu_kernel,868.7754010405,42.35378475658498
npb_mg_norm2u3_gpu_kernel,1306.4213589409999,3132.9320664521933
npb_bt_y_solve_2,884.4293251734999,376.3884408824617
npb_lu_setbv_1,870.1694630129999,10.113176615430204
ub_11_row_read_arith,1659.8082235879997,1361.8327468833638
npb_lu_pintgr_3,1070.4025768664999,2192.9813025862436
sb_fp32_int32_mix,858.7812842425,61.38039924458612
ub_12_block_read_reduce,890.2094677075,6547.485598081248
npb_bt_compute_rhs_6,1051.8552509955002,1954.9177185120143
mha,1041.3625257429999,192.39901890984342
npb_cg_kernel_six,6879.364894083999,898.7184827608597
npb_lu_erhs_1,973.9059530354998,191.20648541448958
npb_bt_x_solve_2,919.5141045930002,386.11654709014664
npb_sp_exact_rhs_gpu_kernel_2,901.7259813979999,31.918584557100786
npb_cg_kernel_three,13273.572776190998,33935.788527965975
npb_is_rank_kernel_1,912.8700333855,0.09720102479865167
npb_lu_ssor_2,980.438759977,382.28943060923206
sgemm_6_kernel_vectorize,2168.828202015,5.1602227862618575
npb_cg_kernel_four,6859.00307988,936.5697021211766
npb_sp_y_solve_gpu_kernel,857.4612828565,3.07945191105967
sb_reg_pressure,829.02440923,74.09907363490507
sgemm_9_kernel_autotuned,1261.8952259584996,0.4578773145723956
sb_arith_intensity,2503.2816170155,1356.7443679885157
sgemm_4_kernel_1D_blocktiling,4534.5579921085,29.524808534284823
npb_ft_cffts2_kernel_3,3250.590882104,5089.056327838816
npb_ft_cffts2_kernel_1,3265.181935644,5089.056327838816
sgemm_2D_blocktiling,6691.5183832275,817.4966935511053
sgemm_1D_blocktiling,6434.7727035475,58.68899046174353
npb_is_rank_kernel_4,922.2901397374999,51.544928616202306
npb_bt_compute_rhs_9,885.11323073,404.24238355091325
npb_cg_kernel_five_1,758.1212667385,128.3054928450221
sgemm_3_kernel_shared_mem_blocking,1876.4333875010002,242.74443627937185
ub_0_1d_store,1835.345007986,3406.342170415947
npb_sp_compute_rhs_gpu_kernel_2,926.4914233435,331.0895004187545
npb_lu_setbv_3,836.3217627370001,9.79923239356511
npb_is_rank_kernel_2,967.884733272,163.86280191063523
npb_lu_pintgr_1,1061.2095789770003,3877.491017670946
sb_fp32_pure,847.3759826415002,76.46480374886434
npb_lu_jacld_blts_gpu_kernel,874.3919529039999,3.818939517735879
npb_mg_interp_gpu_kernel,1158.899743146,671.8236185308966
npb_bt_x_solve_1,1523.3509914945002,1810.7982037518902
vector_add_n256,3470.2759661689997,8312.446236467118
sgemm_7_kernel_resolve_bank_conflicts,1203.993750453,0.5865872577084642
npb_ft_compute_initial_conditions_kernel,1832.477582563,0.003636030219523673
npb_sp_z_solve_gpu_kernel,860.9629010790001,3.1052617080349467
npb_lu_error_gpu_kernel,894.4287200370001,78.51942630782678
ub_9_row_read_reduce,1278.2448159819999,3954.8791144497504
npb_lu_rhs_2,959.2006729655,551.5308753425531
npb_lu_pintgr_4,882.893921712,0.46695774596169093
npb_lu_rhs_1,915.2497967050001,145.24870444806774
npb_cg_kernel_seven,897.0556159130001,158.05838744380605
npb_lu_erhs_3,932.6340904519999,46.623497895526754
sb_int32_pure,869.633662187,47.20780850276565
npb_ft_cffts1_kernel_1,3988.8658839965,3300.291795430633
